source_framework,source_provision,target_framework,target_provision,relation,rationale,source
mitre_atlas,AML.M0000,mitre_atlas,AML.T0000,mitigates,"Limit the connection between publicly disclosed approaches and the data, models, and algorithms used in production.",MITRE ATLAS v5.6.0 data (authoritative mitigation-to-technique mapping)
mitre_atlas,AML.M0000,mitre_atlas,AML.T0003,mitigates,Restrict release of technical information on ML-enabled products and organizational information on the teams supporting ML-enabled products.,MITRE ATLAS v5.6.0 data (authoritative mitigation-to-technique mapping)
mitre_atlas,AML.M0000,mitre_atlas,AML.T0002,mitigates,Limit the release of sensitive information in the metadata of deployed systems and publicly available applications.,MITRE ATLAS v5.6.0 data (authoritative mitigation-to-technique mapping)
mitre_atlas,AML.M0000,mitre_atlas,AML.T0004,mitigates,Limit the release of sensitive information in the metadata of deployed systems and publicly available applications.,MITRE ATLAS v5.6.0 data (authoritative mitigation-to-technique mapping)
mitre_atlas,AML.M0000,mitre_atlas,AML.T0005,mitigates,Limiting release of technical information about a model and training data can reduce an adversary's ability to create an accurate proxy model.,MITRE ATLAS v5.6.0 data (authoritative mitigation-to-technique mapping)
mitre_atlas,AML.M0000,mitre_atlas,AML.T0005.000,mitigates,Limiting release of technical information about a model and training data can reduce an adversary's ability to create an accurate proxy model.,MITRE ATLAS v5.6.0 data (authoritative mitigation-to-technique mapping)
mitre_atlas,AML.M0000,mitre_atlas,AML.T0005.002,mitigates,Limiting release of technical information about a model and training data can reduce an adversary's ability to create an accurate proxy model.,MITRE ATLAS v5.6.0 data (authoritative mitigation-to-technique mapping)
mitre_atlas,AML.M0001,mitre_atlas,AML.T0002.000,mitigates,Limiting the release of datasets can reduce an adversary's ability to target production models trained on the same or similar data.,MITRE ATLAS v5.6.0 data (authoritative mitigation-to-technique mapping)
mitre_atlas,AML.M0001,mitre_atlas,AML.T0002.001,mitigates,Limiting the release of model architectures and checkpoints can reduce an adversary's ability to target those models.,MITRE ATLAS v5.6.0 data (authoritative mitigation-to-technique mapping)
mitre_atlas,AML.M0001,mitre_atlas,AML.T0020,mitigates,Published datasets can be a target for poisoning attacks.,MITRE ATLAS v5.6.0 data (authoritative mitigation-to-technique mapping)
mitre_atlas,AML.M0001,mitre_atlas,AML.T0005,mitigates,Limiting the release of model artifacts can reduce an adversary's ability to create an accurate proxy model.,MITRE ATLAS v5.6.0 data (authoritative mitigation-to-technique mapping)
mitre_atlas,AML.M0001,mitre_atlas,AML.T0035,mitigates,Limiting the release of artifacts can reduce an adversary's ability to collect model artifacts,MITRE ATLAS v5.6.0 data (authoritative mitigation-to-technique mapping)
mitre_atlas,AML.M0001,mitre_atlas,AML.T0005.000,mitigates,Limiting the release of model artifacts can reduce an adversary's ability to create an accurate proxy model.,MITRE ATLAS v5.6.0 data (authoritative mitigation-to-technique mapping)
mitre_atlas,AML.M0002,mitre_atlas,AML.T0013,mitigates,Suggested approaches: - Restrict the number of results shown - Limit specificity of output class ontology - Use randomized smoothing techniques - Reduce the precision of numerical outputs,MITRE ATLAS v5.6.0 data (authoritative mitigation-to-technique mapping)
mitre_atlas,AML.M0002,mitre_atlas,AML.T0014,mitigates,Suggested approaches: - Restrict the number of results shown - Limit specificity of output class ontology - Use randomized smoothing techniques - Reduce the precision of numerical outputs,MITRE ATLAS v5.6.0 data (authoritative mitigation-to-technique mapping)
mitre_atlas,AML.M0002,mitre_atlas,AML.T0024.000,mitigates,Suggested approaches: - Restrict the number of results shown - Limit specificity of output class ontology - Use randomized smoothing techniques - Reduce the precision of numerical outputs,MITRE ATLAS v5.6.0 data (authoritative mitigation-to-technique mapping)
mitre_atlas,AML.M0002,mitre_atlas,AML.T0024.001,mitigates,Suggested approaches: - Restrict the number of results shown - Limit specificity of output class ontology - Use randomized smoothing techniques - Reduce the precision of numerical outputs,MITRE ATLAS v5.6.0 data (authoritative mitigation-to-technique mapping)
mitre_atlas,AML.M0002,mitre_atlas,AML.T0024.002,mitigates,Suggested approaches: - Restrict the number of results shown - Limit specificity of output class ontology - Use randomized smoothing techniques - Reduce the precision of numerical outputs,MITRE ATLAS v5.6.0 data (authoritative mitigation-to-technique mapping)
mitre_atlas,AML.M0002,mitre_atlas,AML.T0043,mitigates,Obfuscating model outputs reduces an adversary's ability to generate effective adversarial data.,MITRE ATLAS v5.6.0 data (authoritative mitigation-to-technique mapping)
mitre_atlas,AML.M0002,mitre_atlas,AML.T0043.001,mitigates,Obfuscating model outputs reduces an adversary's ability to create effective adversarial inputs.,MITRE ATLAS v5.6.0 data (authoritative mitigation-to-technique mapping)
mitre_atlas,AML.M0002,mitre_atlas,AML.T0005,mitigates,Obfuscating model outputs can reduce an adversary's ability to produce an accurate proxy model.,MITRE ATLAS v5.6.0 data (authoritative mitigation-to-technique mapping)
mitre_atlas,AML.M0002,mitre_atlas,AML.T0042,mitigates,Obfuscating model outputs reduces an adversary's ability to verify the efficacy of an attack.,MITRE ATLAS v5.6.0 data (authoritative mitigation-to-technique mapping)
mitre_atlas,AML.M0002,mitre_atlas,AML.T0005.001,mitigates,Obfuscating model outputs restricts an adversary's ability to create an accurate proxy model by querying a model and observing its outputs.,MITRE ATLAS v5.6.0 data (authoritative mitigation-to-technique mapping)
mitre_atlas,AML.M0002,mitre_atlas,AML.T0063,mitigates,Obfuscating model outputs can prevent adversaries from collecting sensitive information about the model outputs.,MITRE ATLAS v5.6.0 data (authoritative mitigation-to-technique mapping)
mitre_atlas,AML.M0003,mitre_atlas,AML.T0015,mitigates,Hardened models are more difficult to evade.,MITRE ATLAS v5.6.0 data (authoritative mitigation-to-technique mapping)
mitre_atlas,AML.M0003,mitre_atlas,AML.T0031,mitigates,Hardened models are less susceptible to integrity attacks.,MITRE ATLAS v5.6.0 data (authoritative mitigation-to-technique mapping)
mitre_atlas,AML.M0003,mitre_atlas,AML.T0043,mitigates,Hardened models are more robust to adversarial inputs.,MITRE ATLAS v5.6.0 data (authoritative mitigation-to-technique mapping)
mitre_atlas,AML.M0003,mitre_atlas,AML.T0043.001,mitigates,Hardened models are more robust to adversarial inputs.,MITRE ATLAS v5.6.0 data (authoritative mitigation-to-technique mapping)
mitre_atlas,AML.M0003,mitre_atlas,AML.T0043.002,mitigates,Hardened models are more robust to adversarial inputs.,MITRE ATLAS v5.6.0 data (authoritative mitigation-to-technique mapping)
mitre_atlas,AML.M0003,mitre_atlas,AML.T0043.003,mitigates,Hardened models are more robust to adversarial inputs.,MITRE ATLAS v5.6.0 data (authoritative mitigation-to-technique mapping)
mitre_atlas,AML.M0003,mitre_atlas,AML.T0043.000,mitigates,Hardened models are more robust to adversarial inputs.,MITRE ATLAS v5.6.0 data (authoritative mitigation-to-technique mapping)
mitre_atlas,AML.M0003,mitre_atlas,AML.T0043.004,mitigates,Hardened models are more robust to adversarial inputs.,MITRE ATLAS v5.6.0 data (authoritative mitigation-to-technique mapping)
mitre_atlas,AML.M0004,mitre_atlas,AML.T0034,mitigates,Limit the number of queries users can perform in a given interval to hinder an attacker's ability to send computationally expensive inputs,MITRE ATLAS v5.6.0 data (authoritative mitigation-to-technique mapping)
mitre_atlas,AML.M0004,mitre_atlas,AML.T0013,mitigates,Limit the amount of information an attacker can learn about a model's ontology through API queries.,MITRE ATLAS v5.6.0 data (authoritative mitigation-to-technique mapping)
mitre_atlas,AML.M0004,mitre_atlas,AML.T0014,mitigates,Limit the amount of information an attacker can learn about a model's ontology through API queries.,MITRE ATLAS v5.6.0 data (authoritative mitigation-to-technique mapping)
mitre_atlas,AML.M0004,mitre_atlas,AML.T0024,mitigates,Limit the volume of API queries in a given period of time to regulate the amount and fidelity of potentially sensitive information an attacker can learn.,MITRE ATLAS v5.6.0 data (authoritative mitigation-to-technique mapping)
mitre_atlas,AML.M0004,mitre_atlas,AML.T0024.000,mitigates,Limit the volume of API queries in a given period of time to regulate the amount and fidelity of potentially sensitive information an attacker can learn.,MITRE ATLAS v5.6.0 data (authoritative mitigation-to-technique mapping)
mitre_atlas,AML.M0004,mitre_atlas,AML.T0024.001,mitigates,Limit the volume of API queries in a given period of time to regulate the amount and fidelity of potentially sensitive information an attacker can learn.,MITRE ATLAS v5.6.0 data (authoritative mitigation-to-technique mapping)
mitre_atlas,AML.M0004,mitre_atlas,AML.T0024.002,mitigates,Limit the volume of API queries in a given period of time to regulate the amount and fidelity of potentially sensitive information an attacker can learn.,MITRE ATLAS v5.6.0 data (authoritative mitigation-to-technique mapping)
mitre_atlas,AML.M0004,mitre_atlas,AML.T0029,mitigates,Limit the number of queries users can perform in a given interval to prevent a denial of service.,MITRE ATLAS v5.6.0 data (authoritative mitigation-to-technique mapping)
mitre_atlas,AML.M0004,mitre_atlas,AML.T0046,mitigates,Limit the number of queries users can perform in a given interval to protect the system from chaff data spam.,MITRE ATLAS v5.6.0 data (authoritative mitigation-to-technique mapping)
mitre_atlas,AML.M0004,mitre_atlas,AML.T0043,mitigates,Restricting the number of model queries can reduce an adversary's ability to refine and evaluate adversarial queries.,MITRE ATLAS v5.6.0 data (authoritative mitigation-to-technique mapping)
mitre_atlas,AML.M0004,mitre_atlas,AML.T0043.001,mitigates,Restricting the number of queries to the model limits or slows an adversary's ability to perform black-box optimization attacks.,MITRE ATLAS v5.6.0 data (authoritative mitigation-to-technique mapping)
mitre_atlas,AML.M0004,mitre_atlas,AML.T0043.003,mitigates,Restricting the number of model queries can reduce an adversary's ability to refine manually crafted adversarial inputs.,MITRE ATLAS v5.6.0 data (authoritative mitigation-to-technique mapping)
mitre_atlas,AML.M0004,mitre_atlas,AML.T0005,mitigates,Restricting the number of queries to the model decreases an adversary's ability to replicate an accurate proxy model.,MITRE ATLAS v5.6.0 data (authoritative mitigation-to-technique mapping)
mitre_atlas,AML.M0004,mitre_atlas,AML.T0005.001,mitigates,Restricting the number of queries to the model decreases an adversary's ability to replicate an accurate proxy model.,MITRE ATLAS v5.6.0 data (authoritative mitigation-to-technique mapping)
mitre_atlas,AML.M0004,mitre_atlas,AML.T0042,mitigates,Restricting the number of queries to the model decreases an adversary's ability to verify the efficacy of an attack.,MITRE ATLAS v5.6.0 data (authoritative mitigation-to-technique mapping)
mitre_atlas,AML.M0004,mitre_atlas,AML.T0062,mitigates,Restricting number of model queries limits or slows an adversary's ability to identify possible hallucinations.,MITRE ATLAS v5.6.0 data (authoritative mitigation-to-technique mapping)
mitre_atlas,AML.M0005,mitre_atlas,AML.T0010.002,mitigates,Access controls can prevent tampering with ML artifacts and prevent unauthorized copying.,MITRE ATLAS v5.6.0 data (authoritative mitigation-to-technique mapping)
mitre_atlas,AML.M0005,mitre_atlas,AML.T0020,mitigates,Access controls can prevent tampering with ML artifacts and prevent unauthorized copying.,MITRE ATLAS v5.6.0 data (authoritative mitigation-to-technique mapping)
mitre_atlas,AML.M0005,mitre_atlas,AML.T0018.000,mitigates,Access controls can prevent tampering with ML artifacts and prevent unauthorized copying.,MITRE ATLAS v5.6.0 data (authoritative mitigation-to-technique mapping)
mitre_atlas,AML.M0005,mitre_atlas,AML.T0018.001,mitigates,Access controls can prevent tampering with ML artifacts and prevent unauthorized copying.,MITRE ATLAS v5.6.0 data (authoritative mitigation-to-technique mapping)
mitre_atlas,AML.M0005,mitre_atlas,AML.T0010.003,mitigates,Access controls can prevent tampering with ML artifacts and prevent unauthorized copying.,MITRE ATLAS v5.6.0 data (authoritative mitigation-to-technique mapping)
mitre_atlas,AML.M0005,mitre_atlas,AML.T0025,mitigates,Access controls can prevent exfiltration.,MITRE ATLAS v5.6.0 data (authoritative mitigation-to-technique mapping)
mitre_atlas,AML.M0005,mitre_atlas,AML.T0048.004,mitigates,Access controls can prevent theft of intellectual property.,MITRE ATLAS v5.6.0 data (authoritative mitigation-to-technique mapping)
mitre_atlas,AML.M0005,mitre_atlas,AML.T0018,mitigates,Access controls can prevent tampering with AI artifacts and prevent unauthorized modification.,MITRE ATLAS v5.6.0 data (authoritative mitigation-to-technique mapping)
mitre_atlas,AML.M0005,mitre_atlas,AML.T0043.000,mitigates,Access controls can reduce unnecessary access to AI models and prevent an adversary from achieving white-box access.,MITRE ATLAS v5.6.0 data (authoritative mitigation-to-technique mapping)
mitre_atlas,AML.M0005,mitre_atlas,AML.T0007,mitigates,"Access controls can limit an adversary's ability to identify AI models, datasets, and other artifacts on a system.",MITRE ATLAS v5.6.0 data (authoritative mitigation-to-technique mapping)
mitre_atlas,AML.M0005,mitre_atlas,AML.T0044,mitigates,Access controls on models and data at rest can help prevent full model access.,MITRE ATLAS v5.6.0 data (authoritative mitigation-to-technique mapping)
mitre_atlas,AML.M0005,mitre_atlas,AML.T0035,mitigates,Access controls can prevent or limit the collection of AI artifacts on the victim system.,MITRE ATLAS v5.6.0 data (authoritative mitigation-to-technique mapping)
mitre_atlas,AML.M0005,mitre_atlas,AML.T0042,mitigates,Access controls on models at rest can prevent an adversary's ability to verify attack efficacy.,MITRE ATLAS v5.6.0 data (authoritative mitigation-to-technique mapping)
mitre_atlas,AML.M0006,mitre_atlas,AML.T0031,mitigates,Using multiple different models increases robustness to attack.,MITRE ATLAS v5.6.0 data (authoritative mitigation-to-technique mapping)
mitre_atlas,AML.M0006,mitre_atlas,AML.T0010.001,mitigates,Using multiple different models ensures minimal performance loss if security flaw is found in tool for one model or family.,MITRE ATLAS v5.6.0 data (authoritative mitigation-to-technique mapping)
mitre_atlas,AML.M0006,mitre_atlas,AML.T0010.003,mitigates,Using multiple different models ensures minimal performance loss if security flaw is found in tool for one model or family.,MITRE ATLAS v5.6.0 data (authoritative mitigation-to-technique mapping)
mitre_atlas,AML.M0006,mitre_atlas,AML.T0015,mitigates,Using multiple different models increases robustness to attack.,MITRE ATLAS v5.6.0 data (authoritative mitigation-to-technique mapping)
mitre_atlas,AML.M0006,mitre_atlas,AML.T0014,mitigates,Use multiple different models to fool adversaries of which type of model is used and how the model used.,MITRE ATLAS v5.6.0 data (authoritative mitigation-to-technique mapping)
mitre_atlas,AML.M0006,mitre_atlas,AML.T0043.000,mitigates,Using an ensemble of models increases the difficulty of crafting effective adversarial data and improves overall robustness.,MITRE ATLAS v5.6.0 data (authoritative mitigation-to-technique mapping)
mitre_atlas,AML.M0006,mitre_atlas,AML.T0043.001,mitigates,Using an ensemble of models increases the difficulty of crafting effective adversarial data and improves overall robustness.,MITRE ATLAS v5.6.0 data (authoritative mitigation-to-technique mapping)
mitre_atlas,AML.M0006,mitre_atlas,AML.T0043.002,mitigates,Using an ensemble of models increases the difficulty of crafting effective adversarial data and improves overall robustness.,MITRE ATLAS v5.6.0 data (authoritative mitigation-to-technique mapping)
mitre_atlas,AML.M0006,mitre_atlas,AML.T0043.004,mitigates,Using an ensemble of models increases the difficulty of crafting effective adversarial data and improves overall robustness.,MITRE ATLAS v5.6.0 data (authoritative mitigation-to-technique mapping)
mitre_atlas,AML.M0006,mitre_atlas,AML.T0043.003,mitigates,Using an ensemble of models increases the difficulty of crafting effective adversarial data and improves overall robustness.,MITRE ATLAS v5.6.0 data (authoritative mitigation-to-technique mapping)
mitre_atlas,AML.M0006,mitre_atlas,AML.T0043,mitigates,Using an ensemble of models increases the difficulty of crafting effective adversarial data and improves overall robustness.,MITRE ATLAS v5.6.0 data (authoritative mitigation-to-technique mapping)
mitre_atlas,AML.M0007,mitre_atlas,AML.T0010.002,mitigates,Detect and remove or remediate poisoned data to avoid adversarial model drift or backdoor attacks.,MITRE ATLAS v5.6.0 data (authoritative mitigation-to-technique mapping)
mitre_atlas,AML.M0007,mitre_atlas,AML.T0020,mitigates,Detect modification of data and labels which may cause adversarial model drift or backdoor attacks.,MITRE ATLAS v5.6.0 data (authoritative mitigation-to-technique mapping)
mitre_atlas,AML.M0007,mitre_atlas,AML.T0018.000,mitigates,Prevent attackers from leveraging poisoned datasets to launch backdoor attacks against a model.,MITRE ATLAS v5.6.0 data (authoritative mitigation-to-technique mapping)
mitre_atlas,AML.M0007,mitre_atlas,AML.T0059,mitigates,Remediating poisoned data can re-establish dataset integrity.,MITRE ATLAS v5.6.0 data (authoritative mitigation-to-technique mapping)
mitre_atlas,AML.M0008,mitre_atlas,AML.T0010.003,mitigates,Ensure that acquired models do not respond to potential backdoor triggers or adversarial influence.,MITRE ATLAS v5.6.0 data (authoritative mitigation-to-technique mapping)
mitre_atlas,AML.M0008,mitre_atlas,AML.T0018.000,mitigates,Ensure that trained models do not respond to potential backdoor triggers or adversarial influence.,MITRE ATLAS v5.6.0 data (authoritative mitigation-to-technique mapping)
mitre_atlas,AML.M0008,mitre_atlas,AML.T0018.001,mitigates,Ensure that acquired models do not respond to potential backdoor triggers or adversarial influence.,MITRE ATLAS v5.6.0 data (authoritative mitigation-to-technique mapping)
mitre_atlas,AML.M0008,mitre_atlas,AML.T0018,mitigates,Validating an AI model against a wide range of adversarial inputs can help increase confidence that the model has not been manipulated.,MITRE ATLAS v5.6.0 data (authoritative mitigation-to-technique mapping)
mitre_atlas,AML.M0008,mitre_atlas,AML.T0043.004,mitigates,Validating that an AI model does not respond to backdoor triggers can help increase confidence that the model has not been poisoned.,MITRE ATLAS v5.6.0 data (authoritative mitigation-to-technique mapping)
mitre_atlas,AML.M0008,mitre_atlas,AML.T0020,mitigates,Robust evaluation of an AI model can help increase confidence that the model has not been poisoned.,MITRE ATLAS v5.6.0 data (authoritative mitigation-to-technique mapping)
mitre_atlas,AML.M0008,mitre_atlas,AML.T0057,mitigates,"Robust evaluation of an AI model can be used to detect privacy concerns, data leakage, and potential for revealing sensitive information.",MITRE ATLAS v5.6.0 data (authoritative mitigation-to-technique mapping)
mitre_atlas,AML.M0008,mitre_atlas,AML.T0043,mitigates,Validating an AI model against adversarial data can ensure the model is performing as intended and is robust to adversarial inputs.,MITRE ATLAS v5.6.0 data (authoritative mitigation-to-technique mapping)
mitre_atlas,AML.M0009,mitre_atlas,AML.T0041,mitigates,Using a variety of sensors can make it more difficult for an attacker with physical access to compromise and produce malicious results.,MITRE ATLAS v5.6.0 data (authoritative mitigation-to-technique mapping)
mitre_atlas,AML.M0009,mitre_atlas,AML.T0015,mitigates,Using a variety of sensors can make it more difficult for an attacker to compromise and produce malicious results.,MITRE ATLAS v5.6.0 data (authoritative mitigation-to-technique mapping)
mitre_atlas,AML.M0009,mitre_atlas,AML.T0088,mitigates,"Using a variety of sensors, such as IR depth cameras, can aid in detecting deepfakes.",MITRE ATLAS v5.6.0 data (authoritative mitigation-to-technique mapping)
mitre_atlas,AML.M0010,mitre_atlas,AML.T0043.001,mitigates,Input restoration adds an extra layer of unknowns and randomness when an adversary evaluates the input-output relationship.,MITRE ATLAS v5.6.0 data (authoritative mitigation-to-technique mapping)
mitre_atlas,AML.M0010,mitre_atlas,AML.T0015,mitigates,Preprocessing model inputs can prevent malicious data from going through the machine learning pipeline.,MITRE ATLAS v5.6.0 data (authoritative mitigation-to-technique mapping)
mitre_atlas,AML.M0010,mitre_atlas,AML.T0031,mitigates,Preprocessing model inputs can prevent malicious data from going through the machine learning pipeline.,MITRE ATLAS v5.6.0 data (authoritative mitigation-to-technique mapping)
mitre_atlas,AML.M0010,mitre_atlas,AML.T0043,mitigates,Input restoration can help remediate adversarial inputs.,MITRE ATLAS v5.6.0 data (authoritative mitigation-to-technique mapping)
mitre_atlas,AML.M0010,mitre_atlas,AML.T0043.002,mitigates,Input restoration can help remediate adversarial inputs.,MITRE ATLAS v5.6.0 data (authoritative mitigation-to-technique mapping)
mitre_atlas,AML.M0010,mitre_atlas,AML.T0043.004,mitigates,Input restoration can help remediate adversarial inputs.,MITRE ATLAS v5.6.0 data (authoritative mitigation-to-technique mapping)
mitre_atlas,AML.M0010,mitre_atlas,AML.T0043.000,mitigates,Input restoration can help remediate adversarial inputs.,MITRE ATLAS v5.6.0 data (authoritative mitigation-to-technique mapping)
mitre_atlas,AML.M0010,mitre_atlas,AML.T0043.003,mitigates,Input restoration can help remediate adversarial inputs.,MITRE ATLAS v5.6.0 data (authoritative mitigation-to-technique mapping)
mitre_atlas,AML.M0011,mitre_atlas,AML.T0011.000,mitigates,Restrict library loading by ML artifacts.,MITRE ATLAS v5.6.0 data (authoritative mitigation-to-technique mapping)
mitre_atlas,AML.M0011,mitre_atlas,AML.T0011.001,mitigates,Restricting packages from loading external libraries can limit their ability to execute malicious code.,MITRE ATLAS v5.6.0 data (authoritative mitigation-to-technique mapping)
mitre_atlas,AML.M0011,mitre_atlas,AML.T0011,mitigates,Restricting binaries from loading external libraries can limit their ability to execute malicious code.,MITRE ATLAS v5.6.0 data (authoritative mitigation-to-technique mapping)
mitre_atlas,AML.M0012,mitre_atlas,AML.T0035,mitigates,Protect machine learning artifacts with encryption.,MITRE ATLAS v5.6.0 data (authoritative mitigation-to-technique mapping)
mitre_atlas,AML.M0012,mitre_atlas,AML.T0048.004,mitigates,Protect machine learning artifacts with encryption.,MITRE ATLAS v5.6.0 data (authoritative mitigation-to-technique mapping)
mitre_atlas,AML.M0012,mitre_atlas,AML.T0007,mitigates,Encrypting AI artifacts can protect against adversary attempts to discover sensitive information.,MITRE ATLAS v5.6.0 data (authoritative mitigation-to-technique mapping)
mitre_atlas,AML.M0012,mitre_atlas,AML.T0063,mitigates,Encrypting model outputs can prevent adversaries from discovering sensitive information about the AI-enabled system or its operations.,MITRE ATLAS v5.6.0 data (authoritative mitigation-to-technique mapping)
mitre_atlas,AML.M0013,mitre_atlas,AML.T0011.000,mitigates,Prevent execution of ML artifacts that are not properly signed.,MITRE ATLAS v5.6.0 data (authoritative mitigation-to-technique mapping)
mitre_atlas,AML.M0013,mitre_atlas,AML.T0010.001,mitigates,Enforce properly signed drivers and ML software frameworks.,MITRE ATLAS v5.6.0 data (authoritative mitigation-to-technique mapping)
mitre_atlas,AML.M0013,mitre_atlas,AML.T0010.003,mitigates,Enforce properly signed model files.,MITRE ATLAS v5.6.0 data (authoritative mitigation-to-technique mapping)
mitre_atlas,AML.M0013,mitre_atlas,AML.T0018,mitigates,Code signing provides a guarantee that the model has not been manipulated after signing took place.,MITRE ATLAS v5.6.0 data (authoritative mitigation-to-technique mapping)
mitre_atlas,AML.M0013,mitre_atlas,AML.T0018.000,mitigates,Code signing provides a guarantee that the model has not been manipulated after signing took place.,MITRE ATLAS v5.6.0 data (authoritative mitigation-to-technique mapping)
mitre_atlas,AML.M0013,mitre_atlas,AML.T0018.001,mitigates,Code signing provides a guarantee that the model has not been manipulated after signing took place.,MITRE ATLAS v5.6.0 data (authoritative mitigation-to-technique mapping)
mitre_atlas,AML.M0013,mitre_atlas,AML.T0018.002,mitigates,Code signing provides a guarantee that the model has not been manipulated after signing took place.,MITRE ATLAS v5.6.0 data (authoritative mitigation-to-technique mapping)
mitre_atlas,AML.M0013,mitre_atlas,AML.T0011.001,mitigates,Code signing provides a guarantee that the software package has not been manipulated after signing took place.,MITRE ATLAS v5.6.0 data (authoritative mitigation-to-technique mapping)
mitre_atlas,AML.M0014,mitre_atlas,AML.T0019,mitigates,Determine validity of published data in order to avoid using poisoned data that introduces vulnerabilities.,MITRE ATLAS v5.6.0 data (authoritative mitigation-to-technique mapping)
mitre_atlas,AML.M0014,mitre_atlas,AML.T0011.000,mitigates,Introduce proper checking of signatures to ensure that unsafe AI artifacts will not be executed in the system.,MITRE ATLAS v5.6.0 data (authoritative mitigation-to-technique mapping)
mitre_atlas,AML.M0014,mitre_atlas,AML.T0010,mitigates,Introduce proper checking of signatures to ensure that unsafe AI artifacts will not be introduced to the system.,MITRE ATLAS v5.6.0 data (authoritative mitigation-to-technique mapping)
mitre_atlas,AML.M0014,mitre_atlas,AML.T0010.002,mitigates,Introduce proper checking of signatures to ensure that unsafe AI data will not be introduced to the system.,MITRE ATLAS v5.6.0 data (authoritative mitigation-to-technique mapping)
mitre_atlas,AML.M0014,mitre_atlas,AML.T0002.001,mitigates,Introduce proper checking of signatures to ensure that unsafe AI models will not be introduced to the system.,MITRE ATLAS v5.6.0 data (authoritative mitigation-to-technique mapping)
mitre_atlas,AML.M0014,mitre_atlas,AML.T0011,mitigates,Introduce proper checking of signatures to ensure that unsafe AI artifacts will not be executed in the system.,MITRE ATLAS v5.6.0 data (authoritative mitigation-to-technique mapping)
mitre_atlas,AML.M0015,mitre_atlas,AML.T0015,mitigates,Prevent an attacker from introducing adversarial data into the system.,MITRE ATLAS v5.6.0 data (authoritative mitigation-to-technique mapping)
mitre_atlas,AML.M0015,mitre_atlas,AML.T0043.001,mitigates,"Monitor queries and query patterns to the target model, block access if suspicious queries are detected.",MITRE ATLAS v5.6.0 data (authoritative mitigation-to-technique mapping)
mitre_atlas,AML.M0015,mitre_atlas,AML.T0029,mitigates,Assess queries before inference call or enforce timeout policy for queries which consume excessive resources.,MITRE ATLAS v5.6.0 data (authoritative mitigation-to-technique mapping)
mitre_atlas,AML.M0015,mitre_atlas,AML.T0031,mitigates,Incorporate adversarial input detection into the pipeline before inputs reach the model.,MITRE ATLAS v5.6.0 data (authoritative mitigation-to-technique mapping)
mitre_atlas,AML.M0015,mitre_atlas,AML.T0043,mitigates,Incorporate adversarial input detection to block malicious inputs at inference time.,MITRE ATLAS v5.6.0 data (authoritative mitigation-to-technique mapping)
mitre_atlas,AML.M0015,mitre_atlas,AML.T0043.000,mitigates,Incorporate adversarial input detection to block malicious inputs at inference time.,MITRE ATLAS v5.6.0 data (authoritative mitigation-to-technique mapping)
mitre_atlas,AML.M0015,mitre_atlas,AML.T0043.002,mitigates,Incorporate adversarial input detection to block malicious inputs at inference time.,MITRE ATLAS v5.6.0 data (authoritative mitigation-to-technique mapping)
mitre_atlas,AML.M0015,mitre_atlas,AML.T0043.004,mitigates,Incorporate adversarial input detection to block malicious inputs at inference time.,MITRE ATLAS v5.6.0 data (authoritative mitigation-to-technique mapping)
mitre_atlas,AML.M0015,mitre_atlas,AML.T0043.003,mitigates,Incorporate adversarial input detection to block malicious inputs at inference time.,MITRE ATLAS v5.6.0 data (authoritative mitigation-to-technique mapping)
mitre_atlas,AML.M0016,mitre_atlas,AML.T0011.000,mitigates,"Vulnerability scanning can help identify malicious AI artifacts, such as models or data, and prevent user execution.",MITRE ATLAS v5.6.0 data (authoritative mitigation-to-technique mapping)
mitre_atlas,AML.M0016,mitre_atlas,AML.T0011.001,mitigates,Vulnerability scanning can help identify malicious packages and prevent user execution.,MITRE ATLAS v5.6.0 data (authoritative mitigation-to-technique mapping)
mitre_atlas,AML.M0016,mitre_atlas,AML.T0011,mitigates,Vulnerability scanning can help identify malicious binaries and prevent user execution.,MITRE ATLAS v5.6.0 data (authoritative mitigation-to-technique mapping)
mitre_atlas,AML.M0017,mitre_atlas,AML.T0044,mitigates,"Not distributing the model in software to edge devices, can limit an adversary's ability to gain full access to the model.",MITRE ATLAS v5.6.0 data (authoritative mitigation-to-technique mapping)
mitre_atlas,AML.M0017,mitre_atlas,AML.T0043.000,mitigates,"With full access to the model, an adversary could perform white-box attacks.",MITRE ATLAS v5.6.0 data (authoritative mitigation-to-technique mapping)
mitre_atlas,AML.M0017,mitre_atlas,AML.T0010.003,mitigates,An adversary could repackage the application with a malicious version of the model.,MITRE ATLAS v5.6.0 data (authoritative mitigation-to-technique mapping)
mitre_atlas,AML.M0017,mitre_atlas,AML.T0048.004,mitigates,Avoiding the deployment of models to edge devices reduces an adversary's potential access to models or AI artifacts.,MITRE ATLAS v5.6.0 data (authoritative mitigation-to-technique mapping)
mitre_atlas,AML.M0017,mitre_atlas,AML.T0035,mitigates,Avoiding the deployment of models to edge devices reduces the attack surface and can prevent adversary artifact collection.,MITRE ATLAS v5.6.0 data (authoritative mitigation-to-technique mapping)
mitre_atlas,AML.M0017,mitre_atlas,AML.T0063,mitigates,Avoiding the deployment of models to edge devices reduces an adversary's ability to collect sensitive information about the model outputs.,MITRE ATLAS v5.6.0 data (authoritative mitigation-to-technique mapping)
mitre_atlas,AML.M0018,mitre_atlas,AML.T0011,mitigates,Training users to be able to identify attempts at manipulation will make them less susceptible to performing techniques that cause the execution of malicious code.,MITRE ATLAS v5.6.0 data (authoritative mitigation-to-technique mapping)
mitre_atlas,AML.M0018,mitre_atlas,AML.T0011.000,mitigates,Train users to identify attempts of manipulation to prevent them from running unsafe code which when executed could develop unsafe artifacts. These artifacts may have a detrimental effect on the system.,MITRE ATLAS v5.6.0 data (authoritative mitigation-to-technique mapping)
mitre_atlas,AML.M0018,mitre_atlas,AML.T0052,mitigates,"Train users to identify phishing attempts by an adversary to reduce the risk of successful spearphishing, social engineering, and other techniques that involve user interaction.",MITRE ATLAS v5.6.0 data (authoritative mitigation-to-technique mapping)
mitre_atlas,AML.M0018,mitre_atlas,AML.T0052.000,mitigates,Train users to identify phishing attempts and understand that AI can be used to generate targeted and convincing messages.,MITRE ATLAS v5.6.0 data (authoritative mitigation-to-technique mapping)
mitre_atlas,AML.M0018,mitre_atlas,AML.T0011.001,mitigates,Train users to identify attempts of manipulation to prevent them from running unsafe code from external packages.,MITRE ATLAS v5.6.0 data (authoritative mitigation-to-technique mapping)
mitre_atlas,AML.M0018,mitre_atlas,AML.T0052.001,mitigates,"Train users on deepfake threats, including how to recognize synthetic voice, video, and text. Recommend verification through independent channels (e.g. known call-back number) before processing sensitive requests or providing sensitive info",MITRE ATLAS v5.6.0 data (authoritative mitigation-to-technique mapping)
mitre_atlas,AML.M0019,mitre_atlas,AML.T0040,mitigates,"Adversaries can use unrestricted API access to gain information about a production system, stage attacks, and introduce malicious data to the system.",MITRE ATLAS v5.6.0 data (authoritative mitigation-to-technique mapping)
mitre_atlas,AML.M0019,mitre_atlas,AML.T0024,mitigates,Adversaries can use unrestricted API access to build a proxy training dataset and reveal private information.,MITRE ATLAS v5.6.0 data (authoritative mitigation-to-technique mapping)
mitre_atlas,AML.M0019,mitre_atlas,AML.T0034,mitigates,Access controls can limit API access and prevent cost harvesting.,MITRE ATLAS v5.6.0 data (authoritative mitigation-to-technique mapping)
mitre_atlas,AML.M0019,mitre_atlas,AML.T0043,mitigates,Access controls on model APIs can restricts an adversary's access required to generate adversarial data.,MITRE ATLAS v5.6.0 data (authoritative mitigation-to-technique mapping)
mitre_atlas,AML.M0019,mitre_atlas,AML.T0043.001,mitigates,Access controls on model APIs can deny adversaries the access required for black-box optimization methods.,MITRE ATLAS v5.6.0 data (authoritative mitigation-to-technique mapping)
mitre_atlas,AML.M0019,mitre_atlas,AML.T0005,mitigates,Access controls on models APIs can reduce an adversary's ability to produce an accurate proxy model.,MITRE ATLAS v5.6.0 data (authoritative mitigation-to-technique mapping)
mitre_atlas,AML.M0019,mitre_atlas,AML.T0029,mitigates,Access controls on model APIs can prevent an adversary from excessively querying and disabling the system.,MITRE ATLAS v5.6.0 data (authoritative mitigation-to-technique mapping)
mitre_atlas,AML.M0019,mitre_atlas,AML.T0051,mitigates,Use access controls in production to prevent adversaries from injecting malicious prompts.,MITRE ATLAS v5.6.0 data (authoritative mitigation-to-technique mapping)
mitre_atlas,AML.M0019,mitre_atlas,AML.T0046,mitigates,Authentication on production models can help prevent anonymous chaff data spam.,MITRE ATLAS v5.6.0 data (authoritative mitigation-to-technique mapping)
mitre_atlas,AML.M0019,mitre_atlas,AML.T0042,mitigates,Use access controls in production to prevent adversary's ability to verify attack efficacy.,MITRE ATLAS v5.6.0 data (authoritative mitigation-to-technique mapping)
mitre_atlas,AML.M0019,mitre_atlas,AML.T0063,mitigates,Controlling access to the model in production can help prevent adversaries from inferring information from the model outputs.,MITRE ATLAS v5.6.0 data (authoritative mitigation-to-technique mapping)
mitre_atlas,AML.M0020,mitre_atlas,AML.T0054,mitigates,Guardrails can prevent harmful inputs that can lead to a jailbreak.,MITRE ATLAS v5.6.0 data (authoritative mitigation-to-technique mapping)
mitre_atlas,AML.M0020,mitre_atlas,AML.T0056,mitigates,Guardrails can prevent harmful inputs that can lead to meta prompt extraction.,MITRE ATLAS v5.6.0 data (authoritative mitigation-to-technique mapping)
mitre_atlas,AML.M0020,mitre_atlas,AML.T0053,mitigates,"Guardrails can prevent harmful inputs that can lead to plugin compromise, and they can detect PII in model outputs.",MITRE ATLAS v5.6.0 data (authoritative mitigation-to-technique mapping)
mitre_atlas,AML.M0020,mitre_atlas,AML.T0051,mitigates,Guardrails can prevent harmful inputs that can lead to prompt injection.,MITRE ATLAS v5.6.0 data (authoritative mitigation-to-technique mapping)
mitre_atlas,AML.M0020,mitre_atlas,AML.T0057,mitigates,Guardrails can detect sensitive data and PII in model outputs.,MITRE ATLAS v5.6.0 data (authoritative mitigation-to-technique mapping)
mitre_atlas,AML.M0020,mitre_atlas,AML.T0010,mitigates,Guardrails can detect harmful code in model outputs.,MITRE ATLAS v5.6.0 data (authoritative mitigation-to-technique mapping)
mitre_atlas,AML.M0020,mitre_atlas,AML.T0061,mitigates,Guardrails can help prevent replication attacks in model inputs and outputs.,MITRE ATLAS v5.6.0 data (authoritative mitigation-to-technique mapping)
mitre_atlas,AML.M0020,mitre_atlas,AML.T0062,mitigates,Guardrails can help block hallucinated content that appears in model output.,MITRE ATLAS v5.6.0 data (authoritative mitigation-to-technique mapping)
mitre_atlas,AML.M0021,mitre_atlas,AML.T0054,mitigates,Model guidelines can instruct the model to refuse a response to unsafe inputs.,MITRE ATLAS v5.6.0 data (authoritative mitigation-to-technique mapping)
mitre_atlas,AML.M0021,mitre_atlas,AML.T0056,mitigates,Model guidelines can instruct the model to refuse a response to unsafe inputs.,MITRE ATLAS v5.6.0 data (authoritative mitigation-to-technique mapping)
mitre_atlas,AML.M0021,mitre_atlas,AML.T0053,mitigates,Model guidelines can instruct the model to refuse a response to unsafe inputs.,MITRE ATLAS v5.6.0 data (authoritative mitigation-to-technique mapping)
mitre_atlas,AML.M0021,mitre_atlas,AML.T0051,mitigates,Model guidelines can instruct the model to refuse a response to unsafe inputs.,MITRE ATLAS v5.6.0 data (authoritative mitigation-to-technique mapping)
mitre_atlas,AML.M0021,mitre_atlas,AML.T0057,mitigates,Model guidelines can instruct the model to refuse a response to unsafe inputs.,MITRE ATLAS v5.6.0 data (authoritative mitigation-to-technique mapping)
mitre_atlas,AML.M0021,mitre_atlas,AML.T0061,mitigates,"Guidelines can help instruct the model to produce more secure output, preventing the model from generating self-replicating outputs.",MITRE ATLAS v5.6.0 data (authoritative mitigation-to-technique mapping)
mitre_atlas,AML.M0021,mitre_atlas,AML.T0062,mitigates,Guidelines can instruct the model to avoid producing hallucinated content.,MITRE ATLAS v5.6.0 data (authoritative mitigation-to-technique mapping)
mitre_atlas,AML.M0022,mitre_atlas,AML.T0054,mitigates,Model alignment can improve the parametric safety of a model by guiding it away from unsafe prompts and responses.,MITRE ATLAS v5.6.0 data (authoritative mitigation-to-technique mapping)
mitre_atlas,AML.M0022,mitre_atlas,AML.T0056,mitigates,Model alignment can improve the parametric safety of a model by guiding it away from unsafe prompts and responses.,MITRE ATLAS v5.6.0 data (authoritative mitigation-to-technique mapping)
mitre_atlas,AML.M0022,mitre_atlas,AML.T0053,mitigates,Model alignment can improve the parametric safety of a model by guiding it away from unsafe prompts and responses.,MITRE ATLAS v5.6.0 data (authoritative mitigation-to-technique mapping)
mitre_atlas,AML.M0022,mitre_atlas,AML.T0051,mitigates,Model alignment can improve the parametric safety of a model by guiding it away from unsafe prompts and responses.,MITRE ATLAS v5.6.0 data (authoritative mitigation-to-technique mapping)
mitre_atlas,AML.M0022,mitre_atlas,AML.T0057,mitigates,Model alignment can improve the parametric safety of a model by guiding it away from unsafe prompts and responses.,MITRE ATLAS v5.6.0 data (authoritative mitigation-to-technique mapping)
mitre_atlas,AML.M0022,mitre_atlas,AML.T0061,mitigates,Model alignment can increase the security of models to self replicating prompt attacks.,MITRE ATLAS v5.6.0 data (authoritative mitigation-to-technique mapping)
mitre_atlas,AML.M0022,mitre_atlas,AML.T0062,mitigates,Model alignment can help steer the model away from hallucinated content.,MITRE ATLAS v5.6.0 data (authoritative mitigation-to-technique mapping)
mitre_atlas,AML.M0023,mitre_atlas,AML.T0011.000,mitigates,An AI BOM can help users identify untrustworthy model artifacts.,MITRE ATLAS v5.6.0 data (authoritative mitigation-to-technique mapping)
mitre_atlas,AML.M0023,mitre_atlas,AML.T0019,mitigates,An AI BOM can help users identify untrustworthy model artifacts.,MITRE ATLAS v5.6.0 data (authoritative mitigation-to-technique mapping)
mitre_atlas,AML.M0023,mitre_atlas,AML.T0020,mitigates,An AI BOM can help users identify untrustworthy model artifacts.,MITRE ATLAS v5.6.0 data (authoritative mitigation-to-technique mapping)
mitre_atlas,AML.M0023,mitre_atlas,AML.T0058,mitigates,An AI BOM can help users identify untrustworthy model artifacts.,MITRE ATLAS v5.6.0 data (authoritative mitigation-to-technique mapping)
mitre_atlas,AML.M0023,mitre_atlas,AML.T0011.001,mitigates,An AI BOM can help users identify untrustworthy software dependencies.,MITRE ATLAS v5.6.0 data (authoritative mitigation-to-technique mapping)
mitre_atlas,AML.M0023,mitre_atlas,AML.T0011,mitigates,An AI BOM can help users identify untrustworthy binaries.,MITRE ATLAS v5.6.0 data (authoritative mitigation-to-technique mapping)
mitre_atlas,AML.M0023,mitre_atlas,AML.T0010,mitigates,An AI BOM can help users identify untrustworthy components of their AI supply chain.,MITRE ATLAS v5.6.0 data (authoritative mitigation-to-technique mapping)
mitre_atlas,AML.M0024,mitre_atlas,AML.T0024,mitigates,Telemetry logging can help identify if sensitive data has been exfiltrated.,MITRE ATLAS v5.6.0 data (authoritative mitigation-to-technique mapping)
mitre_atlas,AML.M0024,mitre_atlas,AML.T0024.000,mitigates,Telemetry logging can help identify if sensitive data has been exfiltrated.,MITRE ATLAS v5.6.0 data (authoritative mitigation-to-technique mapping)
mitre_atlas,AML.M0024,mitre_atlas,AML.T0024.001,mitigates,Telemetry logging can help identify if sensitive data has been exfiltrated.,MITRE ATLAS v5.6.0 data (authoritative mitigation-to-technique mapping)
mitre_atlas,AML.M0024,mitre_atlas,AML.T0024.002,mitigates,Telemetry logging can help identify if sensitive data has been exfiltrated.,MITRE ATLAS v5.6.0 data (authoritative mitigation-to-technique mapping)
mitre_atlas,AML.M0024,mitre_atlas,AML.T0005.001,mitigates,Telemetry logging can help identify if a proxy training dataset has been exfiltrated.,MITRE ATLAS v5.6.0 data (authoritative mitigation-to-technique mapping)
mitre_atlas,AML.M0024,mitre_atlas,AML.T0040,mitigates,Telemetry logging can help audit API usage of the model.,MITRE ATLAS v5.6.0 data (authoritative mitigation-to-technique mapping)
mitre_atlas,AML.M0024,mitre_atlas,AML.T0047,mitigates,Telemetry logging can help identify if sensitive model information has been sent to an attacker.,MITRE ATLAS v5.6.0 data (authoritative mitigation-to-technique mapping)
mitre_atlas,AML.M0024,mitre_atlas,AML.T0051,mitigates,Telemetry logging can help identify if unsafe prompts have been submitted to the LLM.,MITRE ATLAS v5.6.0 data (authoritative mitigation-to-technique mapping)
mitre_atlas,AML.M0024,mitre_atlas,AML.T0051.000,mitigates,Telemetry logging can help identify if unsafe prompts have been submitted to the LLM.,MITRE ATLAS v5.6.0 data (authoritative mitigation-to-technique mapping)
mitre_atlas,AML.M0024,mitre_atlas,AML.T0051.001,mitigates,Telemetry logging can help identify if unsafe prompts have been submitted to the LLM.,MITRE ATLAS v5.6.0 data (authoritative mitigation-to-technique mapping)
mitre_atlas,AML.M0024,mitre_atlas,AML.T0051.002,mitigates,Telemetry logging can help identify if unsafe prompts have been submitted to the LLM.,MITRE ATLAS v5.6.0 data (authoritative mitigation-to-technique mapping)
mitre_atlas,AML.M0024,mitre_atlas,AML.T0053,mitigates,Log AI agent tool invocations to detect malicious calls.,MITRE ATLAS v5.6.0 data (authoritative mitigation-to-technique mapping)
mitre_atlas,AML.M0024,mitre_atlas,AML.T0086,mitigates,Log AI agent tool invocations to detect malicious calls.,MITRE ATLAS v5.6.0 data (authoritative mitigation-to-technique mapping)
mitre_atlas,AML.M0024,mitre_atlas,AML.T0101,mitigates,Log AI agent tool invocations to detect malicious calls.,MITRE ATLAS v5.6.0 data (authoritative mitigation-to-technique mapping)
mitre_atlas,AML.M0024,mitre_atlas,AML.T0085,mitigates,Log requests to AI services to detect malicious queries for data.,MITRE ATLAS v5.6.0 data (authoritative mitigation-to-technique mapping)
mitre_atlas,AML.M0024,mitre_atlas,AML.T0085.000,mitigates,Log requests to AI services to detect malicious queries for data.,MITRE ATLAS v5.6.0 data (authoritative mitigation-to-technique mapping)
mitre_atlas,AML.M0024,mitre_atlas,AML.T0085.001,mitigates,Log requests to AI services to detect malicious queries for data.,MITRE ATLAS v5.6.0 data (authoritative mitigation-to-technique mapping)
mitre_atlas,AML.M0025,mitre_atlas,AML.T0010.002,mitigates,Dataset provenance can protect against supply chain compromise of data.,MITRE ATLAS v5.6.0 data (authoritative mitigation-to-technique mapping)
mitre_atlas,AML.M0025,mitre_atlas,AML.T0020,mitigates,Dataset provenance can protect against poisoning of training data,MITRE ATLAS v5.6.0 data (authoritative mitigation-to-technique mapping)
mitre_atlas,AML.M0025,mitre_atlas,AML.T0018.000,mitigates,Dataset provenance can protect against poisoning of models.,MITRE ATLAS v5.6.0 data (authoritative mitigation-to-technique mapping)
mitre_atlas,AML.M0025,mitre_atlas,AML.T0019,mitigates,Maintaining a detailed history of datasets can help identify use of poisoned datasets from public sources.,MITRE ATLAS v5.6.0 data (authoritative mitigation-to-technique mapping)
mitre_atlas,AML.M0025,mitre_atlas,AML.T0059,mitigates,Maintaining dataset provenance can help identify adverse changes to the data.,MITRE ATLAS v5.6.0 data (authoritative mitigation-to-technique mapping)
mitre_atlas,AML.M0026,mitre_atlas,AML.T0086,mitigates,Configuring privileged AI agents with proper access controls for tool use can limit an adversary's ability to abuse tool invocations if the agent is compromised.,MITRE ATLAS v5.6.0 data (authoritative mitigation-to-technique mapping)
mitre_atlas,AML.M0026,mitre_atlas,AML.T0053,mitigates,Configuring privileged AI agents with proper access controls for tool use can limit an adversary's ability to abuse tool invocations if the agent is compromised.,MITRE ATLAS v5.6.0 data (authoritative mitigation-to-technique mapping)
mitre_atlas,AML.M0026,mitre_atlas,AML.T0085,mitigates,Configuring privileged AI agents with proper access controls can limit an adversary's ability to collect data from AI services if the agent is compromised.,MITRE ATLAS v5.6.0 data (authoritative mitigation-to-technique mapping)
mitre_atlas,AML.M0026,mitre_atlas,AML.T0085.000,mitigates,Configuring privileged AI agents with proper access controls can limit an adversary's ability to collect data from RAG Databases if the agent is compromised.,MITRE ATLAS v5.6.0 data (authoritative mitigation-to-technique mapping)
mitre_atlas,AML.M0026,mitre_atlas,AML.T0085.001,mitigates,Configuring privileged AI agents with proper access controls can limit an adversary's ability to collect data from agent tool invocation if the agent is compromised.,MITRE ATLAS v5.6.0 data (authoritative mitigation-to-technique mapping)
mitre_atlas,AML.M0026,mitre_atlas,AML.T0082,mitigates,Configuring privileged AI agents with proper access controls can limit an adversary's ability to harvest credentials from RAG Databases if the agent is compromised.,MITRE ATLAS v5.6.0 data (authoritative mitigation-to-technique mapping)
mitre_atlas,AML.M0026,mitre_atlas,AML.T0101,mitigates,Configuring privileged AI agents with proper access controls for tool use can limit an adversary's ability to abuse tool invocations if the agent is compromised.,MITRE ATLAS v5.6.0 data (authoritative mitigation-to-technique mapping)
mitre_atlas,AML.M0027,mitre_atlas,AML.T0086,mitigates,Configuring AI agents with permissions that are inherited from the user for tool use can limit an adversary's ability to abuse tool invocations if the agent is compromised.,MITRE ATLAS v5.6.0 data (authoritative mitigation-to-technique mapping)
mitre_atlas,AML.M0027,mitre_atlas,AML.T0053,mitigates,Configuring AI agents with permissions that are inherited from the user for tool use can limit an adversary's ability to abuse tool invocations if the agent is compromised.,MITRE ATLAS v5.6.0 data (authoritative mitigation-to-technique mapping)
mitre_atlas,AML.M0027,mitre_atlas,AML.T0085,mitigates,Configuring AI agents with permissions that are inherited from the user can limit an adversary's ability to collect data from AI services if the agent is compromised.,MITRE ATLAS v5.6.0 data (authoritative mitigation-to-technique mapping)
mitre_atlas,AML.M0027,mitre_atlas,AML.T0085.000,mitigates,Configuring AI agents with permissions that are inherited from the user can limit an adversary's ability to collect data from RAG Databases if the agent is compromised.,MITRE ATLAS v5.6.0 data (authoritative mitigation-to-technique mapping)
mitre_atlas,AML.M0027,mitre_atlas,AML.T0085.001,mitigates,Configuring AI agents with permissions that are inherited from the user can limit an adversary's ability to collect data from agent tool invocation if the agent is compromised.,MITRE ATLAS v5.6.0 data (authoritative mitigation-to-technique mapping)
mitre_atlas,AML.M0027,mitre_atlas,AML.T0082,mitigates,Configuring AI agents with permissions that are inherited from the user can limit an adversary's ability to harvest credentials from RAG Databases if the agent is compromised.,MITRE ATLAS v5.6.0 data (authoritative mitigation-to-technique mapping)
mitre_atlas,AML.M0027,mitre_atlas,AML.T0101,mitigates,Configuring AI agents with permissions that are inherited from the user for tool use can limit an adversary's ability to abuse tool invocations if the agent is compromised.,MITRE ATLAS v5.6.0 data (authoritative mitigation-to-technique mapping)
mitre_atlas,AML.M0028,mitre_atlas,AML.T0053,mitigates,"Configuring AI Agent tools with access controls inherited from the user or the AI Agent invoking the tool can limit an adversary's capabilities within a system, including their ability to abuse tool invocations and access sensitive data.",MITRE ATLAS v5.6.0 data (authoritative mitigation-to-technique mapping)
mitre_atlas,AML.M0028,mitre_atlas,AML.T0085,mitigates,Configuring AI Agent tools with access controls inherited from the user or the AI Agent invoking the tool can limit adversary's access to sensitive data.,MITRE ATLAS v5.6.0 data (authoritative mitigation-to-technique mapping)
mitre_atlas,AML.M0028,mitre_atlas,AML.T0085.001,mitigates,Configuring AI Agent tools with access controls that are inherited from the user or the AI Agent invoking the tool can limit adversary's access to sensitive data.,MITRE ATLAS v5.6.0 data (authoritative mitigation-to-technique mapping)
mitre_atlas,AML.M0028,mitre_atlas,AML.T0101,mitigates,"Configuring AI Agent tools with access controls inherited from the user or the AI Agent invoking the tool can limit an adversary's capabilities within a system, including their ability to abuse tool invocations to destroy data.",MITRE ATLAS v5.6.0 data (authoritative mitigation-to-technique mapping)
mitre_atlas,AML.M0028,mitre_atlas,AML.T0086,mitigates,"Configuring AI Agent tools with access controls inherited from the user or the AI Agent invoking the tool can limit an adversary's capabilities within a system, including their ability to abuse tool invocations and exfiltrate sensitive data",MITRE ATLAS v5.6.0 data (authoritative mitigation-to-technique mapping)
mitre_atlas,AML.M0029,mitre_atlas,AML.T0086,mitigates,Requiring user confirmation of AI agent tool invocations can prevent the automatic execution of tools by an adversary.,MITRE ATLAS v5.6.0 data (authoritative mitigation-to-technique mapping)
mitre_atlas,AML.M0029,mitre_atlas,AML.T0053,mitigates,Requiring user confirmation of AI agent tool invocations can prevent the automatic execution of tools by an adversary.,MITRE ATLAS v5.6.0 data (authoritative mitigation-to-technique mapping)
mitre_atlas,AML.M0029,mitre_atlas,AML.T0101,mitigates,Requiring user confirmation of AI agent tool invocations can prevent the automatic execution of tools by an adversary.,MITRE ATLAS v5.6.0 data (authoritative mitigation-to-technique mapping)
mitre_atlas,AML.M0030,mitre_atlas,AML.T0053,mitigates,Restricting the automatic tool use when untrusted data is present can prevent adversaries from invoking tools via prompt injections.,MITRE ATLAS v5.6.0 data (authoritative mitigation-to-technique mapping)
mitre_atlas,AML.M0030,mitre_atlas,AML.T0086,mitigates,Restricting the automatic tool use when untrusted data is present can prevent adversaries from invoking tools via prompt injections.,MITRE ATLAS v5.6.0 data (authoritative mitigation-to-technique mapping)
mitre_atlas,AML.M0030,mitre_atlas,AML.T0101,mitigates,Restricting the automatic tool use when untrusted data is present can prevent adversaries from invoking tools via prompt injections.,MITRE ATLAS v5.6.0 data (authoritative mitigation-to-technique mapping)
mitre_atlas,AML.M0031,mitre_atlas,AML.T0080,mitigates,Memory hardening can help protect LLM memory from manipulation and prevent poisoned memories from executing.,MITRE ATLAS v5.6.0 data (authoritative mitigation-to-technique mapping)
mitre_atlas,AML.M0031,mitre_atlas,AML.T0080.000,mitigates,Memory hardening can help protect LLM memory from manipulation and prevent poisoned memories from executing.,MITRE ATLAS v5.6.0 data (authoritative mitigation-to-technique mapping)
mitre_atlas,AML.M0032,mitre_atlas,AML.T0053,mitigates,Segmentation can prevent adversaries from utilizing tools in an agentic workflow to perform unsafe actions that affect other components.,MITRE ATLAS v5.6.0 data (authoritative mitigation-to-technique mapping)
mitre_atlas,AML.M0032,mitre_atlas,AML.T0086,mitigates,Segmentation can prevent adversaries from utilizing tools in an agentic workflow to compromise sensitive data sources.,MITRE ATLAS v5.6.0 data (authoritative mitigation-to-technique mapping)
mitre_atlas,AML.M0032,mitre_atlas,AML.T0098,mitigates,Segmentation can prevent adversaries from utilizing tools in an agentic workflow to harvest credentials.,MITRE ATLAS v5.6.0 data (authoritative mitigation-to-technique mapping)
mitre_atlas,AML.M0032,mitre_atlas,AML.T0085,mitigates,Segmentation can prevent adversaries from utilizing tools in an agentic workflow to collect sensitive data from AI services.,MITRE ATLAS v5.6.0 data (authoritative mitigation-to-technique mapping)
mitre_atlas,AML.M0032,mitre_atlas,AML.T0085.000,mitigates,Segmentation can prevent adversaries from utilizing tools in an agentic workflow to collect sensitive data from RAG databases.,MITRE ATLAS v5.6.0 data (authoritative mitigation-to-technique mapping)
mitre_atlas,AML.M0032,mitre_atlas,AML.T0085.001,mitigates,Segmentation can prevent adversaries from utilizing tools in an agentic workflow to collect sensitive data.,MITRE ATLAS v5.6.0 data (authoritative mitigation-to-technique mapping)
mitre_atlas,AML.M0033,mitre_atlas,AML.T0053,mitigates,Validation can prevent adversaries from utilizing tools in an agentic workflow to generate unsafe output.,MITRE ATLAS v5.6.0 data (authoritative mitigation-to-technique mapping)
mitre_atlas,AML.M0033,mitre_atlas,AML.T0086,mitigates,Validation can prevent adversaries from utilizing tools in an agentic workflow to compromise sensitive data sources.,MITRE ATLAS v5.6.0 data (authoritative mitigation-to-technique mapping)
mitre_atlas,AML.M0033,mitre_atlas,AML.T0051,mitigates,Validation can prevent adversaries from executing prompt injections that could affect agentic workflows.,MITRE ATLAS v5.6.0 data (authoritative mitigation-to-technique mapping)
mitre_atlas,AML.M0033,mitre_atlas,AML.T0051.000,mitigates,Validation can prevent adversaries from executing prompt injections that could affect agentic workflows.,MITRE ATLAS v5.6.0 data (authoritative mitigation-to-technique mapping)
mitre_atlas,AML.M0033,mitre_atlas,AML.T0051.001,mitigates,Validation can prevent adversaries from executing prompt injections that could affect agentic workflows.,MITRE ATLAS v5.6.0 data (authoritative mitigation-to-technique mapping)
mitre_atlas,AML.M0033,mitre_atlas,AML.T0051.002,mitigates,Validation can prevent adversaries from executing prompt injections that could affect agentic workflows.,MITRE ATLAS v5.6.0 data (authoritative mitigation-to-technique mapping)
mitre_atlas,AML.M0034,mitre_atlas,AML.T0088,mitigates,Deepfake detection can be used to identify and block generated content.,MITRE ATLAS v5.6.0 data (authoritative mitigation-to-technique mapping)
mitre_atlas,AML.M0034,mitre_atlas,AML.T0052,mitigates,Deepfake detection can be used to identify and block phishing attempts that use generated content.,MITRE ATLAS v5.6.0 data (authoritative mitigation-to-technique mapping)
mitre_atlas,AML.M0034,mitre_atlas,AML.T0052.000,mitigates,Deepfake detection can be used to identify and block phishing attempts that use generated content.,MITRE ATLAS v5.6.0 data (authoritative mitigation-to-technique mapping)
mitre_atlas,AML.M0034,mitre_atlas,AML.T0015,mitigates,Deepfake detection can be used to identify and block generated content.,MITRE ATLAS v5.6.0 data (authoritative mitigation-to-technique mapping)
mitre_atlas,AML.M0034,mitre_atlas,AML.T0052.001,mitigates,Deploy technical controls to detect and block synthetic audio and video. This includes AI-based analysis tools that examine media for artifacts indicative deepfakes.,MITRE ATLAS v5.6.0 data (authoritative mitigation-to-technique mapping)
mitre_atlas,AML.T0000.000,mitre_atlas,AML.T0000,specializes,Journals and Conference Proceedings is an ATLAS sub-technique of AML.T0000.,MITRE ATLAS v5.6.0 data (technique hierarchy)
mitre_atlas,AML.T0000.001,mitre_atlas,AML.T0000,specializes,Pre-Print Repositories is an ATLAS sub-technique of AML.T0000.,MITRE ATLAS v5.6.0 data (technique hierarchy)
mitre_atlas,AML.T0000.002,mitre_atlas,AML.T0000,specializes,Technical Blogs is an ATLAS sub-technique of AML.T0000.,MITRE ATLAS v5.6.0 data (technique hierarchy)
mitre_atlas,AML.T0002.000,mitre_atlas,AML.T0002,specializes,Datasets is an ATLAS sub-technique of AML.T0002.,MITRE ATLAS v5.6.0 data (technique hierarchy)
mitre_atlas,AML.T0002.001,mitre_atlas,AML.T0002,specializes,Models is an ATLAS sub-technique of AML.T0002.,MITRE ATLAS v5.6.0 data (technique hierarchy)
mitre_atlas,AML.T0016.000,mitre_atlas,AML.T0016,specializes,Adversarial AI Attack Implementations is an ATLAS sub-technique of AML.T0016.,MITRE ATLAS v5.6.0 data (technique hierarchy)
mitre_atlas,AML.T0016.001,mitre_atlas,AML.T0016,specializes,Software Tools is an ATLAS sub-technique of AML.T0016.,MITRE ATLAS v5.6.0 data (technique hierarchy)
mitre_atlas,AML.T0017.000,mitre_atlas,AML.T0017,specializes,Adversarial AI Attacks is an ATLAS sub-technique of AML.T0017.,MITRE ATLAS v5.6.0 data (technique hierarchy)
mitre_atlas,AML.T0008.000,mitre_atlas,AML.T0008,specializes,AI Development Workspaces is an ATLAS sub-technique of AML.T0008.,MITRE ATLAS v5.6.0 data (technique hierarchy)
mitre_atlas,AML.T0008.001,mitre_atlas,AML.T0008,specializes,Consumer Hardware is an ATLAS sub-technique of AML.T0008.,MITRE ATLAS v5.6.0 data (technique hierarchy)
mitre_atlas,AML.T0010.000,mitre_atlas,AML.T0010,specializes,Hardware is an ATLAS sub-technique of AML.T0010.,MITRE ATLAS v5.6.0 data (technique hierarchy)
mitre_atlas,AML.T0010.001,mitre_atlas,AML.T0010,specializes,AI Software is an ATLAS sub-technique of AML.T0010.,MITRE ATLAS v5.6.0 data (technique hierarchy)
mitre_atlas,AML.T0010.002,mitre_atlas,AML.T0010,specializes,Data is an ATLAS sub-technique of AML.T0010.,MITRE ATLAS v5.6.0 data (technique hierarchy)
mitre_atlas,AML.T0010.003,mitre_atlas,AML.T0010,specializes,Model is an ATLAS sub-technique of AML.T0010.,MITRE ATLAS v5.6.0 data (technique hierarchy)
mitre_atlas,AML.T0005.000,mitre_atlas,AML.T0005,specializes,Train Proxy via Gathered AI Artifacts is an ATLAS sub-technique of AML.T0005.,MITRE ATLAS v5.6.0 data (technique hierarchy)
mitre_atlas,AML.T0005.001,mitre_atlas,AML.T0005,specializes,Train Proxy via Replication is an ATLAS sub-technique of AML.T0005.,MITRE ATLAS v5.6.0 data (technique hierarchy)
mitre_atlas,AML.T0005.002,mitre_atlas,AML.T0005,specializes,Use Pre-Trained Model is an ATLAS sub-technique of AML.T0005.,MITRE ATLAS v5.6.0 data (technique hierarchy)
mitre_atlas,AML.T0011.000,mitre_atlas,AML.T0011,specializes,Unsafe AI Artifacts is an ATLAS sub-technique of AML.T0011.,MITRE ATLAS v5.6.0 data (technique hierarchy)
mitre_atlas,AML.T0018.000,mitre_atlas,AML.T0018,specializes,Poison AI Model is an ATLAS sub-technique of AML.T0018.,MITRE ATLAS v5.6.0 data (technique hierarchy)
mitre_atlas,AML.T0018.001,mitre_atlas,AML.T0018,specializes,Modify AI Model Architecture is an ATLAS sub-technique of AML.T0018.,MITRE ATLAS v5.6.0 data (technique hierarchy)
mitre_atlas,AML.T0024.000,mitre_atlas,AML.T0024,specializes,Infer Training Data Membership is an ATLAS sub-technique of AML.T0024.,MITRE ATLAS v5.6.0 data (technique hierarchy)
mitre_atlas,AML.T0024.001,mitre_atlas,AML.T0024,specializes,Invert AI Model is an ATLAS sub-technique of AML.T0024.,MITRE ATLAS v5.6.0 data (technique hierarchy)
mitre_atlas,AML.T0024.002,mitre_atlas,AML.T0024,specializes,Extract AI Model is an ATLAS sub-technique of AML.T0024.,MITRE ATLAS v5.6.0 data (technique hierarchy)
mitre_atlas,AML.T0043.000,mitre_atlas,AML.T0043,specializes,White-Box Optimization is an ATLAS sub-technique of AML.T0043.,MITRE ATLAS v5.6.0 data (technique hierarchy)
mitre_atlas,AML.T0043.001,mitre_atlas,AML.T0043,specializes,Black-Box Optimization is an ATLAS sub-technique of AML.T0043.,MITRE ATLAS v5.6.0 data (technique hierarchy)
mitre_atlas,AML.T0043.002,mitre_atlas,AML.T0043,specializes,Black-Box Transfer is an ATLAS sub-technique of AML.T0043.,MITRE ATLAS v5.6.0 data (technique hierarchy)
mitre_atlas,AML.T0043.003,mitre_atlas,AML.T0043,specializes,Manual Modification is an ATLAS sub-technique of AML.T0043.,MITRE ATLAS v5.6.0 data (technique hierarchy)
mitre_atlas,AML.T0043.004,mitre_atlas,AML.T0043,specializes,Insert Backdoor Trigger is an ATLAS sub-technique of AML.T0043.,MITRE ATLAS v5.6.0 data (technique hierarchy)
mitre_atlas,AML.T0048.000,mitre_atlas,AML.T0048,specializes,Financial Harm is an ATLAS sub-technique of AML.T0048.,MITRE ATLAS v5.6.0 data (technique hierarchy)
mitre_atlas,AML.T0048.001,mitre_atlas,AML.T0048,specializes,Reputational Harm is an ATLAS sub-technique of AML.T0048.,MITRE ATLAS v5.6.0 data (technique hierarchy)
mitre_atlas,AML.T0048.002,mitre_atlas,AML.T0048,specializes,Societal Harm is an ATLAS sub-technique of AML.T0048.,MITRE ATLAS v5.6.0 data (technique hierarchy)
mitre_atlas,AML.T0048.003,mitre_atlas,AML.T0048,specializes,User Harm is an ATLAS sub-technique of AML.T0048.,MITRE ATLAS v5.6.0 data (technique hierarchy)
mitre_atlas,AML.T0048.004,mitre_atlas,AML.T0048,specializes,AI Intellectual Property Theft is an ATLAS sub-technique of AML.T0048.,MITRE ATLAS v5.6.0 data (technique hierarchy)
mitre_atlas,AML.T0051.000,mitre_atlas,AML.T0051,specializes,Direct is an ATLAS sub-technique of AML.T0051.,MITRE ATLAS v5.6.0 data (technique hierarchy)
mitre_atlas,AML.T0051.001,mitre_atlas,AML.T0051,specializes,Indirect is an ATLAS sub-technique of AML.T0051.,MITRE ATLAS v5.6.0 data (technique hierarchy)
mitre_atlas,AML.T0052.000,mitre_atlas,AML.T0052,specializes,Spearphishing via Social Engineering LLM is an ATLAS sub-technique of AML.T0052.,MITRE ATLAS v5.6.0 data (technique hierarchy)
mitre_atlas,AML.T0011.001,mitre_atlas,AML.T0011,specializes,Malicious Package is an ATLAS sub-technique of AML.T0011.,MITRE ATLAS v5.6.0 data (technique hierarchy)
mitre_atlas,AML.T0008.002,mitre_atlas,AML.T0008,specializes,Domains is an ATLAS sub-technique of AML.T0008.,MITRE ATLAS v5.6.0 data (technique hierarchy)
mitre_atlas,AML.T0008.003,mitre_atlas,AML.T0008,specializes,Physical Countermeasures is an ATLAS sub-technique of AML.T0008.,MITRE ATLAS v5.6.0 data (technique hierarchy)
mitre_atlas,AML.T0016.002,mitre_atlas,AML.T0016,specializes,Generative AI is an ATLAS sub-technique of AML.T0016.,MITRE ATLAS v5.6.0 data (technique hierarchy)
mitre_atlas,AML.T0069.000,mitre_atlas,AML.T0069,specializes,Special Character Sets is an ATLAS sub-technique of AML.T0069.,MITRE ATLAS v5.6.0 data (technique hierarchy)
mitre_atlas,AML.T0069.001,mitre_atlas,AML.T0069,specializes,System Instruction Keywords is an ATLAS sub-technique of AML.T0069.,MITRE ATLAS v5.6.0 data (technique hierarchy)
mitre_atlas,AML.T0069.002,mitre_atlas,AML.T0069,specializes,System Prompt is an ATLAS sub-technique of AML.T0069.,MITRE ATLAS v5.6.0 data (technique hierarchy)
mitre_atlas,AML.T0067.000,mitre_atlas,AML.T0067,specializes,Citations is an ATLAS sub-technique of AML.T0067.,MITRE ATLAS v5.6.0 data (technique hierarchy)
mitre_atlas,AML.T0018.002,mitre_atlas,AML.T0018,specializes,Embed Malware is an ATLAS sub-technique of AML.T0018.,MITRE ATLAS v5.6.0 data (technique hierarchy)
mitre_atlas,AML.T0010.004,mitre_atlas,AML.T0010,specializes,Container Registry is an ATLAS sub-technique of AML.T0010.,MITRE ATLAS v5.6.0 data (technique hierarchy)
mitre_atlas,AML.T0008.004,mitre_atlas,AML.T0008,specializes,Serverless is an ATLAS sub-technique of AML.T0008.,MITRE ATLAS v5.6.0 data (technique hierarchy)
mitre_atlas,AML.T0080.000,mitre_atlas,AML.T0080,specializes,Memory is an ATLAS sub-technique of AML.T0080.,MITRE ATLAS v5.6.0 data (technique hierarchy)
mitre_atlas,AML.T0080.001,mitre_atlas,AML.T0080,specializes,Thread is an ATLAS sub-technique of AML.T0080.,MITRE ATLAS v5.6.0 data (technique hierarchy)
mitre_atlas,AML.T0084.000,mitre_atlas,AML.T0084,specializes,Embedded Knowledge is an ATLAS sub-technique of AML.T0084.,MITRE ATLAS v5.6.0 data (technique hierarchy)
mitre_atlas,AML.T0084.001,mitre_atlas,AML.T0084,specializes,Tool Definitions is an ATLAS sub-technique of AML.T0084.,MITRE ATLAS v5.6.0 data (technique hierarchy)
mitre_atlas,AML.T0084.002,mitre_atlas,AML.T0084,specializes,Activation Triggers is an ATLAS sub-technique of AML.T0084.,MITRE ATLAS v5.6.0 data (technique hierarchy)
mitre_atlas,AML.T0085.000,mitre_atlas,AML.T0085,specializes,RAG Databases is an ATLAS sub-technique of AML.T0085.,MITRE ATLAS v5.6.0 data (technique hierarchy)
mitre_atlas,AML.T0085.001,mitre_atlas,AML.T0085,specializes,AI Agent Tools is an ATLAS sub-technique of AML.T0085.,MITRE ATLAS v5.6.0 data (technique hierarchy)
mitre_atlas,AML.T0091.000,mitre_atlas,AML.T0091,specializes,Application Access Token is an ATLAS sub-technique of AML.T0091.,MITRE ATLAS v5.6.0 data (technique hierarchy)
mitre_atlas,AML.T0051.002,mitre_atlas,AML.T0051,specializes,Triggered is an ATLAS sub-technique of AML.T0051.,MITRE ATLAS v5.6.0 data (technique hierarchy)
mitre_atlas,AML.T0011.002,mitre_atlas,AML.T0011,specializes,Poisoned AI Agent Tool is an ATLAS sub-technique of AML.T0011.,MITRE ATLAS v5.6.0 data (technique hierarchy)
mitre_atlas,AML.T0011.003,mitre_atlas,AML.T0011,specializes,Malicious Link is an ATLAS sub-technique of AML.T0011.,MITRE ATLAS v5.6.0 data (technique hierarchy)
mitre_atlas,AML.T0010.005,mitre_atlas,AML.T0010,specializes,AI Agent Tool is an ATLAS sub-technique of AML.T0010.,MITRE ATLAS v5.6.0 data (technique hierarchy)
mitre_atlas,AML.T0034.000,mitre_atlas,AML.T0034,specializes,Excessive Queries is an ATLAS sub-technique of AML.T0034.,MITRE ATLAS v5.6.0 data (technique hierarchy)
mitre_atlas,AML.T0034.001,mitre_atlas,AML.T0034,specializes,Resource-Intensive Queries is an ATLAS sub-technique of AML.T0034.,MITRE ATLAS v5.6.0 data (technique hierarchy)
mitre_atlas,AML.T0034.002,mitre_atlas,AML.T0034,specializes,Agentic Resource Consumption is an ATLAS sub-technique of AML.T0034.,MITRE ATLAS v5.6.0 data (technique hierarchy)
mitre_atlas,AML.T0084.003,mitre_atlas,AML.T0084,specializes,Call Chains is an ATLAS sub-technique of AML.T0084.,MITRE ATLAS v5.6.0 data (technique hierarchy)
mitre_atlas,AML.T0008.005,mitre_atlas,AML.T0008,specializes,AI Service Proxies is an ATLAS sub-technique of AML.T0008.,MITRE ATLAS v5.6.0 data (technique hierarchy)
mitre_atlas,AML.T0112.000,mitre_atlas,AML.T0112,specializes,Local AI Agent is an ATLAS sub-technique of AML.T0112.,MITRE ATLAS v5.6.0 data (technique hierarchy)
mitre_atlas,AML.T0112.001,mitre_atlas,AML.T0112,specializes,AI Artifacts is an ATLAS sub-technique of AML.T0112.,MITRE ATLAS v5.6.0 data (technique hierarchy)
mitre_atlas,AML.T0052.001,mitre_atlas,AML.T0052,specializes,Deepfake-Assisted Phishing is an ATLAS sub-technique of AML.T0052.,MITRE ATLAS v5.6.0 data (technique hierarchy)
mitre_atlas,AML.T0002.002,mitre_atlas,AML.T0002,specializes,AI Agent Configuration is an ATLAS sub-technique of AML.T0002.,MITRE ATLAS v5.6.0 data (technique hierarchy)
mitre_atlas,AML.T0095.000,mitre_atlas,AML.T0095,specializes,Code Repositories is an ATLAS sub-technique of AML.T0095.,MITRE ATLAS v5.6.0 data (technique hierarchy)
